"","ID","Description","setSize","enrichmentScore","NES","pvalue","p.adjust","qvalue","rank","leading_edge","core_enrichment"
"hsa05144","hsa05144","Malaria",11,-0.690217868999019,-2.27516498143244,0.000493989790877655,0.023729792147806,0.020967545885499,94,"tags=82%, list=22%, signal=66%","3576/1440/1379/2995/2993/3043/2994/3040/3039"
"hsa05032","hsa05032","Morphine addiction",5,0.851508120649652,2.21180337418775,0.00069284064665127,0.023729792147806,0.020967545885499,69,"tags=100%, list=16%, signal=85%","3765/2557/2556/2788/114"
"hsa04514","hsa04514","Cell adhesion molecules",3,0.944572748267898,1.94586936222696,0.000662397880326783,0.023729792147806,0.020967545885499,27,"tags=100%, list=6%, signal=94%","257194/139065/22865"
"hsa05143","hsa05143","African trypanosomiasis",3,-0.951501154734411,-1.88625674986249,0.000547845142439737,0.023729792147806,0.020967545885499,25,"tags=100%, list=6%, signal=95%","3040/3039"
"hsa04723","hsa04723","Retrograde endocannabinoid signaling",8,0.724035804445129,2.30432784892642,0.000983767830791933,0.026955238563699,0.0238175369560152,69,"tags=75%, list=16%, signal=64%","3765/2557/747/2556/2788/114"
"hsa04727","hsa04727","GABAergic synapse",6,0.759237228335215,2.13119858971799,0.0019235393123347,0.0425181436210848,0.0375688552933135,69,"tags=83%, list=16%, signal=71%","2557/2556/2788/6529/114"
"hsa04060","hsa04060","Cytokine-cytokine receptor interaction",9,-0.672131147540984,-2.05662385622661,0.00217245989304813,0.0425181436210848,0.0375688552933135,150,"tags=100%, list=34%, signal=67%","9518/3554/3576/10344/1440/3579/9173/2919"
